plant	time	x	y	r_stem	h_stem	r_crown	r_root	growth	ag_resources	bg_resources
Initial_000000001	100000000.0	3	3	0.062074453568511094	4.498547429950167	1.5908543127646755	0.983061884411596	0.0007645036934216419	0.19808900744295008	0.19157413110026103
Initial_000000002	100000000.0	7	5	0.052183740512525945	4.07354424630028	1.4092049545365175	0.8708156459922817	0.0006162312226487106	0.15532181899127626	0.1507322237450039
Initial_000000003	100000000.0	11	3	0.07364943026187075	5.419201056309761	1.758841928454291	1.086866203496367	0.000891081077327495	0.24232870170457213	0.2332346382252742
Initial_000000005	100000000.0	19	3	0.08448407158484462	5.867683390712157	1.9349659324839719	1.1958771672685184	0.0010408979755697077	0.2934177950030588	0.28172575700286046
Initial_000000007	100000000.0	7	9	0.04969380692116116	3.588969421861958	1.3897129702605688	0.8588833855828217	0.0006086504596627928	0.15098470099965805	0.14690974316082975
Initial_000000008	100000000.0	11	11	0.07169473516305849	5.225330712038812	1.7340483149653825	1.0715696791872806	0.0008746388473135662	0.23551251109005106	0.22688524027910256
