plant	time	x	y	r_stem	h_stem	r_crown	r_root	growth	ag_resources	bg_resources
Initial_000000003	500000000.0	11	3	0.123226930404175	6.660412708699572	2.5616738277887388	1.584758597042584	0.0016291085368041163	0.5146919976887503	0.49221707978522994
