plant	time	x	y	r_stem	h_stem	r_crown	r_root	growth	ag_resources	bg_resources
Initial_000000001	100000000.0	3	3	0.062074453568511094	4.498547429950167	1.5908543127646755	0.983061884411596	0.0007645036934216419	0.19808900744295008	0.19157413110026103
Initial_000000003	100000000.0	11	3	0.07364943026187075	5.419201056309761	1.758841928454291	1.086866203496367	0.000891081077327495	0.24232870170457213	0.2332346382252742
Initial_000000004	100000000.0	15	5	0.04172488643828656	3.2265531297663204	1.231576381210491	0.7612459386153873	0.0004875291490374141	0.11847460190946976	0.11571315392542911
Initial_000000005	100000000.0	19	3	0.08448407158484462	5.867683390712157	1.9349659324839719	1.1958771672685184	0.0010408979755697077	0.2934177950030588	0.28172575700286046
Initial_000000008	100000000.0	11	11	0.07169473516305849	5.225330712038812	1.7340483149653825	1.0715696791872806	0.0008746388473135662	0.23551251109005106	0.22688524027910256
Initial_000000009	100000000.0	15	9	0.03923552890558573	3.4682919358265707	1.1536095854991193	0.7129974281541781	0.0004270825887810303	0.10394725087631405	0.10147947916025638
Initial_000000010	100000000.0	19	11	0.09415441609070607	6.327846976244947	2.081135877655304	1.2855938428248546	0.0011594584963965958	0.33955364774545893	0.32499468362589323
