plant	time	x	y	r_stem	h_stem	r_crown	r_root	growth	ag_resources	bg_resources
Initial_000000010	500000000.0	19	11	0.13873109553755228	7.3543913416935665	2.7627311137857777	1.7098714695060073	0.001762426877927883	0.5988202893619156	0.5715375215386809
