plant	time	x	y	r_stem	height	growth	ag_factor	bg_factor
Group_AvicenniaKiwi_000000001	2000000.0	10	11	0.15017457874961837	14.243463704741636	0.3100068351844477	1	0.27798624113634285
Group_TestSpeciesKiwi_000000001	2000000.0	12	11	0.06030311204150657	6.901077054436138	0.9099414242120998	1	0.9062862658578057
